name,xxh64sum
actseqs_actgroups_acts,9d70388125dc04aa
cellnrs_replacement,f201c5069b987ec3
fag_fa,c130524775f5c328
fag_fa_stratum_grts_calendar,84b2d5c4689b4fe9
fag_grts_calendar_2025_attribs,c80ff32f2312529d
fag_grts_calendar_2025_attribs_sf,9971365c39f4c167
fag_stratum_grts_calendar,29454df1f2d42ca2
fag_stratum_grts_calendar_2025_attribs,4d85cde8bfa25915
faseqs,6adb8b2f4c3f24b8
faseqs_fag_fa,3926340ad7a6d401
fieldwork_2025_dates_prioritization_count,4d6c3a8fab50229f
fieldwork_2025_prioritization_by_stratum,fac3dda750c3b358
fieldwork_2025_prioritization_shorter,8d8c40443a8bd783
fieldwork_2025_targetpanels_prioritization_count,d419bf2213706383
grts_mh,622aed5d7b990eb3
grts_mh_brick_lev3,96cf2b828aef333a
grts_mh_brick_lev3_index,f475f3b61ea0b4ce
grts_mh_index,37d3dab0438899e8
hmt_pol_stratum_grts_cell_all_n2khab_collapsed_extended,957010ef73f7459b
max_allowed_bboxdiag,11b6d55a5dc5d882
max_allowed_nrcells,1167eb56a3a6e222
max_insufficient_nrcells_level3,15620f138033a66c
min_nrcells_tosplit,cec58e759397b349
orthophoto_2025_cell_centers,a50cfcf8810991c7
orthophoto_2025_cells,e56f5766cc92764e
orthophoto_2025_type_grts,15c9610c9180c904
scheme_moco_fa_fieldvar,f9a48c975615e676
scheme_moco_ps_stratum_targetpanel_spsamples,f18835062aad4128
schemepstargetpanel_spsamples_terr,5e42ebe77c4d2c76
stratum_schemepstargetpanel_spsamples,3b59a881c53909e3
stratum_schemepstargetpanel_spsamples_terr_polygonreplacementcells,c4c6f0b11e17ccee
stratum_schemepstargetpanel_spsamples_terr_replacementcells,dcd1d1241b50157a
units_7220,c74c1989dd192fbd
units_cell_cellcenter,0cc29d1308d4c46f
units_cell_polygon,5bc3a4459f35413f
units_cell_polygon_attrib,af35bd683108abd3
units_cell_polygon_stratum_attribs,7b7f2a153d2ac573
units_cell_rast,4fcfc9bc0d5ac3a3
units_cell_replacement_rast,3c236db40e772076
versions_required,b3b87d9e11f2c5fb
